{
  "project_info": {
    "project_number": "631101104024",
    "project_id": "highly-motavated",
    "storage_bucket": "highly-motavated.appspot.com"
  },
  "client": [
    {
      "client_info": {
        "mobilesdk_app_id": "1:631101104024:android:b93ea29d4abe559fea55ed",
        "android_client_info": {
          "package_name": "com.istiaksaif.highlymotavated"
        }
      },
      "oauth_client": [
        {
          "client_id": "631101104024-jqagh7nnfo551pcdfi0em45lt1u1t4f2.apps.googleusercontent.com",
          "client_type": 1,
          "android_info": {
            "package_name": "com.istiaksaif.highlymotavated",
            "certificate_hash": "6dff9f07f94305e23beab4f6e989d91d86dbf756"
          }
        },
        {
          "client_id": "631101104024-4pbp5ssr936dga1e2c2jaroeq8eb2s17.apps.googleusercontent.com",
          "client_type": 3
        }
      ],
      "api_key": [
        {
          "current_key": "AIzaSyBTg0zHJhZnTc2GJCW6sG20Lrq22pCgM84"
        }
      ],
      "services": {
        "appinvite_service": {
          "other_platform_oauth_client": [
            {
              "client_id": "631101104024-4pbp5ssr936dga1e2c2jaroeq8eb2s17.apps.googleusercontent.com",
              "client_type": 3
            }
          ]
        }
      }
    }
  ],
  "configuration_version": "1"
}